{"cameraMode":{"drawMode":0,"name":"Shaded","section":"Shading Mode"},"sceneLighting":true,"audioPlay":false,"sceneViewState":{"showFog":true,"showMaterialUpdate":false,"showSkybox":true,"showFlares":true,"showImageEffects":true,"showParticleSystems":true},"in2DMode":false,"pivot":{"x":-10.775501251220704,"y":-2.3638181686401369,"z":10.611403465270996},"rotation":{"x":-0.09681358188390732,"y":0.903064489364624,"z":-0.3035920262336731,"w":-0.2879820168018341},"size":21.802257537841798,"orthographic":false}