{"cameraMode":{"drawMode":0,"name":"Shaded","section":"Shading Mode"},"sceneLighting":true,"audioPlay":false,"sceneViewState":{"showFog":true,"showMaterialUpdate":false,"showSkybox":true,"showFlares":true,"showImageEffects":true,"showParticleSystems":true},"in2DMode":false,"pivot":{"x":0.04948858544230461,"y":0.9847917556762695,"z":0.01614394411444664},"rotation":{"x":-0.20525942742824555,"y":0.7861213684082031,"z":-0.34149524569511416,"w":-0.47250691056251528},"size":19.213083267211915,"orthographic":false}